participate(Course23,User18)
participate(Course26,User20)
participate(Course23,User27)
participate(Course30,User27)
participate(Course34,User32)
participate(Course35,User32)
participate(Course42,User43)
participate(Course45,User50)
participate(Course46,User52)
participate(Course47,User52)
participate(Course48,User57)
participate(Course23,User58)
participate(Course49,User64)
participate(Course50,User64)
participate(Course51,User66)
participate(Course52,User76)
participate(Course53,User86)
participate(Course23,User89)
participate(Course47,User91)
participate(Course53,User91)
participate(Course54,User95)
participate(Course55,User98)
participate(Course56,User98)
participate(Course57,User99)
participate(Course35,User99)
participate(Course47,User100)
participate(Course58,User107)
participate(Course59,User107)
participate(Course60,User109)
participate(Course49,User113)
participate(Course61,User113)
participate(Course62,User113)
participate(Course63,User118)
participate(Course52,User120)
participate(Course64,User120)
participate(Course35,User123)
participate(Course65,User123)
participate(Course30,User125)
participate(Course66,User130)
participate(Course30,User131)
participate(Course66,User134)
participate(Course67,User139)
participate(Course49,User139)
participate(Course68,User139)
participate(Course47,User145)
participate(Course30,User147)
participate(Course69,User147)
participate(Course49,User147)
participate(Course61,User147)
participate(Course70,User147)
participate(Course71,User152)
participate(Course72,User153)
participate(Course35,User153)
participate(Course70,User153)
participate(Course60,User159)
participate(Course45,User161)
participate(Course47,User162)
participate(Course50,User164)
participate(Course49,User165)
participate(Course71,User165)
participate(Course53,User167)
participate(Course55,User168)
participate(Course48,User168)
participate(Course59,User172)
participate(Course74,User175)
participate(Course30,User177)
participate(Course75,User179)
participate(Course74,User184)
participate(Course57,User184)
participate(Course49,User185)
participate(Course71,User185)
participate(Course65,User188)
participate(Course52,User192)
participate(Course52,User195)
participate(Course23,User196)
participate(Course76,User198)
participate(Course53,User199)
participate(Course23,User204)
participate(Course77,User208)
participate(Course78,User208)
participate(Course59,User208)
participate(Course68,User208)
participate(Course53,User211)
participate(Course30,User214)
participate(Course47,User221)
participate(Course23,User227)
participate(Course52,User229)
participate(Course53,User232)
participate(Course54,User234)
participate(Course46,User235)
participate(Course55,User235)
participate(Course57,User235)
participate(Course23,User238)
participate(Course67,User250)
participate(Course47,User256)
participate(Course76,User258)
participate(Course30,User259)
participate(Course30,User267)
participate(Course52,User272)
participate(Course79,User272)
participate(Course53,User279)
participate(Course47,User281)
participate(Course80,User282)
participate(Course71,User282)
participate(Course64,User283)
participate(Course45,User288)
participate(Course58,User289)
participate(Course59,User289)
participate(Course54,User297)
participate(Course61,User298)
participate(Course64,User304)
participate(Course76,User309)
participate(Course66,User313)
participate(Course64,User313)
participate(Course78,User323)
participate(Course58,User324)
participate(Course47,User324)
participate(Course59,User324)
participate(Course81,User324)
participate(Course46,User326)
participate(Course47,User326)
participate(Course60,User327)
participate(Course82,User328)
participate(Course45,User329)
participate(Course49,User330)
participate(Course68,User330)
participate(Course50,User330)
participate(Course30,User336)
participate(Course45,User337)
participate(Course52,User338)
participate(Course30,User339)
participate(Course59,User339)
participate(Course69,User341)
participate(Course49,User341)
participate(Course47,User342)
participate(Course59,User342)
participate(Course69,User346)
participate(Course35,User346)
participate(Course70,User346)
participate(Course52,User351)
participate(Course64,User351)
participate(Course79,User351)
participate(Course59,User358)
participate(Course35,User359)
participate(Course23,User361)
participate(Course47,User363)
participate(Course54,User369)
participate(Course30,User370)
participate(Course83,User370)
participate(Course69,User375)
participate(Course76,User378)
participate(Course69,User379)
participate(Course69,User381)
participate(Course23,User384)
participate(Course30,User384)
participate(Course45,User385)
participate(Course54,User385)
participate(Course66,User394)
participate(Course60,User394)
participate(Course76,User394)
participate(Course23,User397)
participate(Course76,User397)
participate(Course74,User399)
participate(Course52,User401)
participate(Course64,User401)
participate(Course47,User405)
participate(Course75,User405)
participate(Course66,User407)
participate(Course84,User408)
participate(Course53,User408)
participate(Course66,User412)
participate(Course52,User412)
participate(Course51,User419)
participate(Course72,User420)
participate(Course49,User420)
participate(Course62,User420)
participate(Course85,User433)
participate(Course26,User440)
participate(Course53,User441)
participate(Course83,User442)
participate(Course52,User454)
participate(Course47,User455)
participate(Course49,User457)
participate(Course68,User457)
participate(Course86,User457)
participate(Course62,User457)
participate(Course53,User465)
participate(Course54,User468)
participate(Course87,User473)
participate(Course76,User473)
participate(Course49,User486)
participate(Course71,User486)
participate(Course88,User486)
participate(Course89,User490)
participate(Course47,User495)
participate(Course77,User498)
participate(Course90,User498)
participate(Course91,User500)
participate(Course50,User503)
participate(Course47,User508)
participate(Course63,User508)
participate(Course92,User508)
participate(Course60,User510)
participate(Course53,User511)
participate(Course93,User515)
participate(Course94,User515)
participate(Course88,User515)
participate(Course53,User517)
participate(Course53,User524)
participate(Course48,User524)
participate(Course47,User526)
participate(Course95,User529)
participate(Course70,User529)
participate(Course69,User530)
participate(Course64,User534)
participate(Course45,User535)
participate(Course54,User535)
participate(Course85,User539)
participate(Course66,User542)
participate(Course48,User546)
participate(Course76,User550)
participate(Course23,User555)
participate(Course35,User556)
participate(Course66,User558)
participate(Course79,User558)
participate(Course45,User561)
participate(Course49,User564)
participate(Course45,User566)
participate(Course53,User574)
participate(Course53,User575)
participate(Course76,User577)
participate(Course26,User580)
participate(Course87,User582)
participate(Course76,User582)
participate(Course45,User592)
participate(Course66,User594)
participate(Course74,User596)
participate(Course52,User600)
participate(Course30,User601)
participate(Course64,User602)
participate(Course93,User606)
participate(Course49,User606)
participate(Course45,User610)
participate(Course47,User611)
participate(Course52,User614)
participate(Course66,User617)
participate(Course55,User619)
participate(Course45,User620)
participate(Course35,User622)
participate(Course55,User625)
participate(Course52,User626)
participate(Course79,User626)
participate(Course23,User628)
participate(Course89,User634)
participate(Course60,User636)
participate(Course34,User637)
participate(Course23,User643)
participate(Course49,User650)
participate(Course55,User657)
participate(Course53,User667)
participate(Course96,User676)
participate(Course63,User676)
participate(Course66,User682)
participate(Course45,User682)
participate(Course72,User683)
participate(Course23,User687)
participate(Course55,User688)
participate(Course69,User693)
participate(Course83,User695)
participate(Course54,User696)
participate(Course57,User698)
participate(Course64,User701)
participate(Course64,User702)
participate(Course70,User703)
participate(Course47,User704)
participate(Course51,User705)
participate(Course93,User713)
participate(Course88,User713)
participate(Course53,User715)
participate(Course30,User716)
participate(Course97,User716)
participate(Course50,User716)
participate(Course26,User716)
participate(Course51,User716)
participate(Course72,User719)
participate(Course82,User719)
participate(Course47,User720)
participate(Course30,User724)
participate(Course86,User725)
participate(Course69,User729)
participate(Course47,User734)
participate(Course53,User734)
participate(Course23,User737)
participate(Course90,User738)
participate(Course49,User742)
participate(Course66,User743)
participate(Course55,User744)
participate(Course63,User744)
participate(Course71,User746)
participate(Course62,User746)
participate(Course34,User747)
participate(Course55,User761)
participate(Course35,User761)
participate(Course49,User764)
participate(Course62,User764)
participate(Course51,User765)
participate(Course52,User771)
participate(Course64,User771)
participate(Course76,User778)
participate(Course65,User781)
participate(Course71,User781)
participate(Course93,User783)
participate(Course52,User784)
participate(Course79,User786)
participate(Course35,User788)
participate(Course98,User792)
participate(Course49,User797)
participate(Course89,User801)
participate(Course55,User803)
participate(Course99,User803)
participate(Course52,User807)
participate(Course76,User813)
participate(Course93,User816)
participate(Course55,User818)
participate(Course65,User818)
participate(Course49,User823)
participate(Course68,User823)
participate(Course53,User824)
participate(Course87,User825)
participate(Course69,User842)
participate(Course84,User846)
participate(Course85,User850)
participate(Course51,User854)
participate(Course60,User861)
participate(Course47,User862)
participate(Course47,User863)
participate(Course57,User863)
participate(Course49,User863)
participate(Course54,User871)
participate(Course100,User872)
participate(Course77,User872)
participate(Course69,User872)
participate(Course90,User872)
participate(Course45,User877)
participate(Course66,User883)
participate(Course60,User883)
participate(Course64,User883)
participate(Course60,User887)
participate(Course47,User891)
participate(Course69,User891)
participate(Course49,User891)
participate(Course61,User891)
participate(Course79,User894)
participate(Course75,User895)
participate(Course85,User897)
participate(Course23,User901)
participate(Course45,User903)
participate(Course54,User903)
participate(Course52,User910)
participate(Course64,User912)
participate(Course49,User914)
participate(Course80,User919)
participate(Course86,User919)
participate(Course53,User920)
participate(Course69,User921)
participate(Course85,User921)
participate(Course64,User923)
participate(Course79,User923)
participate(Course64,User924)
participate(Course79,User924)
participate(Course101,User927)
participate(Course23,User930)
participate(Course46,User931)
participate(Course47,User931)
participate(Course70,User937)
participate(Course45,User940)
participate(Course23,User942)
participate(Course66,User950)
participate(Course49,User954)
participate(Course66,User960)
participate(Course55,User967)
participate(Course84,User967)
participate(Course53,User970)
participate(Course96,User979)
participate(Course81,User979)
participate(Course61,User979)
participate(Course45,User981)
participate(Course23,User995)
participate(Course30,User995)
participate(Course46,User996)
participate(Course47,User996)
participate(Course65,User997)
participate(Course91,User997)
participate(Course52,User1004)
participate(Course85,User1008)
participate(Course45,User1015)
participate(Course60,User1019)
participate(Course45,User1026)
participate(Course95,User1027)
participate(Course49,User1032)
participate(Course71,User1032)
participate(Course58,User1033)
participate(Course59,User1033)
participate(Course102,User1034)
participate(Course66,User1034)
participate(Course89,User1043)
participate(Course66,User1044)
participate(Course49,User1044)
participate(Course64,User1044)
participate(Course76,User1044)
participate(Course23,User1047)
participate(Course54,User1048)
participate(Course86,User1050)
participate(Course85,User1058)
participate(Course52,User1059)
participate(Course69,User1061)
participate(Course53,User1065)
participate(Course55,User1066)
participate(Course89,User1066)
participate(Course61,User1067)
participate(Course58,User1070)
participate(Course59,User1070)
participate(Course46,User1081)
participate(Course55,User1081)
participate(Course35,User1084)
participate(Course66,User1090)
participate(Course85,User1091)
participate(Course65,User1092)
participate(Course93,User1096)
participate(Course97,User1096)
participate(Course88,User1096)
participate(Course55,User1100)
participate(Course84,User1100)
participate(Course45,User1104)
participate(Course54,User1104)
participate(Course84,User1105)
participate(Course52,User1113)
participate(Course85,User1115)
participate(Course23,User1116)
participate(Course52,User1117)
participate(Course53,User1118)
participate(Course56,User1118)
participate(Course47,User1119)
participate(Course30,User1129)
participate(Course78,User1129)
participate(Course83,User1129)
participate(Course70,User1129)
participate(Course64,User1134)
participate(Course35,User1140)
participate(Course52,User1143)
participate(Course66,User1147)
participate(Course57,User1147)
participate(Course42,User1147)
participate(Course88,User1147)
participate(Course86,User1147)
participate(Course30,User1148)
participate(Course30,User1149)
participate(Course103,User1149)
participate(Course52,User1154)
participate(Course46,User1156)
participate(Course82,User1160)
participate(Course66,User1161)
participate(Course23,User1169)
participate(Course65,User1170)
participate(Course84,User1172)
participate(Course74,User1172)
participate(Course51,User1173)
participate(Course52,User1176)
participate(Course79,User1176)
participate(Course57,User1183)
participate(Course83,User1183)
participate(Course66,User1187)
participate(Course49,User1189)
participate(Course86,User1201)
participate(Course55,User1204)
participate(Course57,User1204)
participate(Course47,User1208)
participate(Course49,User1208)
participate(Course80,User1208)
participate(Course52,User1209)
participate(Course53,User1220)
participate(Course66,User1224)
participate(Course23,User1225)
participate(Course23,User1226)
participate(Course102,User1228)
participate(Course42,User1230)
participate(Course45,User1230)
participate(Course54,User1230)
participate(Course99,User1233)
participate(Course87,User1234)
participate(Course55,User1240)
participate(Course89,User1240)
participate(Course60,User1244)
participate(Course64,User1244)
participate(Course35,User1255)
participate(Course92,User1255)
participate(Course35,User1258)
participate(Course52,User1264)
participate(Course94,User1268)
participate(Course69,User1268)
participate(Course83,User1268)
participate(Course53,User1278)
participate(Course35,User1278)
participate(Course52,User1282)
participate(Course49,User1290)
participate(Course50,User1290)
participate(Course71,User1290)
participate(Course45,User1294)
participate(Course45,User1295)
participate(Course54,User1295)
participate(Course49,User1301)
participate(Course70,User1304)
participate(Course51,User1306)
participate(Course53,User1307)
participate(Course76,User1312)
participate(Course66,User1313)
participate(Course64,User1313)
participate(Course76,User1315)
participate(Course63,User1321)
participate(Course54,User1323)
participate(Course47,User1324)
participate(Course30,User1327)
participate(Course55,User1328)
participate(Course55,User1329)
participate(Course63,User1329)
participate(Course92,User1329)
participate(Course63,User1330)
participate(Course53,User1331)
participate(Course30,User1334)
participate(Course57,User1340)
participate(Course69,User1345)
participate(Course100,User1354)
participate(Course58,User1354)
participate(Course30,User1354)
participate(Course88,User1354)
participate(Course23,User1356)
participate(Course74,User1358)
participate(Course66,User1360)
participate(Course76,User1360)
participate(Course52,User1364)
participate(Course64,User1364)
participate(Course84,User1366)
participate(Course30,User1368)
participate(Course71,User1369)
participate(Course57,User1375)
participate(Course104,User1375)
participate(Course59,User1376)
participate(Course49,User1376)
participate(Course63,User1376)
participate(Course81,User1376)
participate(Course90,User1376)
participate(Course48,User1382)
participate(Course86,User1382)
participate(Course59,User1387)
participate(Course53,User1390)
participate(Course47,User1393)
participate(Course75,User1393)
participate(Course26,User1406)
participate(Course90,User1406)
participate(Course54,User1414)
participate(Course72,User1416)
participate(Course49,User1419)
participate(Course71,User1419)
participate(Course47,User1421)
participate(Course66,User1426)
participate(Course57,User1428)
participate(Course55,User1434)
participate(Course77,User1440)
participate(Course78,User1440)
participate(Course81,User1440)
participate(Course23,User1447)
participate(Course30,User1448)
participate(Course57,User1450)
participate(Course35,User1450)
participate(Course70,User1452)
participate(Course64,User1461)
participate(Course94,User1463)
participate(Course68,User1463)
participate(Course47,User1464)
participate(Course30,User1465)
participate(Course45,User1469)
participate(Course35,User1471)
participate(Course71,User1471)
participate(Course71,User1472)
participate(Course45,User1473)
participate(Course53,User1474)
participate(Course60,User1481)
participate(Course46,User1490)
participate(Course55,User1490)
participate(Course86,User1504)
participate(Course34,User1505)
participate(Course45,User1508)
participate(Course52,User1514)
participate(Course64,User1514)
participate(Course55,User1516)
participate(Course74,User1522)
participate(Course52,User1524)
participate(Course55,User1525)
participate(Course35,User1525)
participate(Course30,User1529)
participate(Course47,User1530)
participate(Course55,User1535)
participate(Course55,User1536)
participate(Course76,User1540)
participate(Course55,User1552)
participate(Course84,User1552)
participate(Course69,User1552)
participate(Course48,User1552)
participate(Course52,User1553)
participate(Course47,User1562)
participate(Course54,User1563)
participate(Course23,User1565)
participate(Course66,User1579)
participate(Course50,User1591)
participate(Course34,User1593)
participate(Course35,User1593)
participate(Course45,User1597)
participate(Course65,User1605)
participate(Course47,User1610)
participate(Course53,User1610)
participate(Course30,User1612)
participate(Course103,User1612)
participate(Course30,User1615)
participate(Course72,User1615)
participate(Course50,User1615)
participate(Course93,User1617)
participate(Course49,User1617)
participate(Course80,User1617)
participate(Course57,User1618)
participate(Course47,User1619)
participate(Course88,User1619)
participate(Course47,User1627)
participate(Course53,User1627)
participate(Course30,User1629)
participate(Course52,User1636)
participate(Course79,User1636)
participate(Course93,User1638)
participate(Course42,User1646)
participate(Course52,User1653)
participate(Course69,User1654)
participate(Course60,User1665)
participate(Course68,User1666)
participate(Course90,User1666)
participate(Course60,User1667)
participate(Course57,User1672)
participate(Course49,User1672)
participate(Course66,User1673)
participate(Course70,User1677)
participate(Course89,User1678)
participate(Course53,User1680)
participate(Course69,User1683)
participate(Course52,User1692)
participate(Course55,User1695)
participate(Course49,User1696)
participate(Course62,User1696)
participate(Course45,User1698)
participate(Course68,User1701)
participate(Course83,User1701)
participate(Course82,User1701)
participate(Course100,User1703)
participate(Course100,User1709)
participate(Course82,User1709)
participate(Course77,User1713)
participate(Course30,User1713)
participate(Course86,User1714)
participate(Course74,User1717)
participate(Course23,User1720)
participate(Course59,User1723)
participate(Course56,User1725)
participate(Course53,User1728)
participate(Course52,User1731)
participate(Course53,User1731)
participate(Course65,User1731)
participate(Course74,User1734)
participate(Course69,User1734)
participate(Course30,User1736)
participate(Course47,User1738)
participate(Course53,User1738)
participate(Course100,User1740)
participate(Course77,User1740)
participate(Course30,User1740)
participate(Course63,User1740)
participate(Course58,User1741)
participate(Course72,User1741)
participate(Course49,User1741)
participate(Course35,User1741)
participate(Course35,User1742)
participate(Course30,User1744)
participate(Course86,User1752)
participate(Course82,User1757)
participate(Course23,User1759)
participate(Course23,User1760)
participate(Course82,User1761)
participate(Course35,User1762)
participate(Course63,User1762)
participate(Course52,User1769)
participate(Course79,User1769)
participate(Course88,User1771)
participate(Course93,User1774)
participate(Course45,User1782)
participate(Course47,User1783)
participate(Course69,User1783)
participate(Course59,User1783)
participate(Course81,User1783)
participate(Course45,User1784)
participate(Course88,User1785)
participate(Course79,User1789)
participate(Course66,User1790)
participate(Course98,User1794)
participate(Course42,User1796)
participate(Course47,User1801)
participate(Course59,User1804)
participate(Course89,User1804)
participate(Course70,User1804)
participate(Course66,User1810)
participate(Course74,User1813)
participate(Course89,User1813)
participate(Course66,User1827)
participate(Course53,User1829)
participate(Course66,User1832)
participate(Course30,User1833)
participate(Course30,User1836)
participate(Course53,User1844)
participate(Course49,User1855)
participate(Course64,User1855)
participate(Course59,User1856)
participate(Course105,User1856)
participate(Course45,User1862)
participate(Course54,User1862)
participate(Course55,User1866)
participate(Course99,User1866)
participate(Course45,User1869)
participate(Course50,User1870)
participate(Course26,User1870)
participate(Course90,User1870)
participate(Course81,User1872)
participate(Course90,User1872)
participate(Course76,User1875)
participate(Course77,User1876)
participate(Course96,User1876)
participate(Course26,User1876)
participate(Course81,User1876)
participate(Course90,User1876)
participate(Course52,User1878)
participate(Course76,User1886)
participate(Course30,User1893)
participate(Course65,User1897)
participate(Course66,User1901)
participate(Course64,User1901)
participate(Course76,User1901)
participate(Course52,User1903)
participate(Course64,User1903)
participate(Course79,User1903)
participate(Course69,User1906)
participate(Course65,User1906)
participate(Course49,User1907)
participate(Course64,User1909)
participate(Course82,User1911)
participate(Course45,User1913)
participate(Course102,User1918)
participate(Course66,User1918)
participate(Course87,User1918)
participate(Course47,User1922)
participate(Course46,User1923)
participate(Course47,User1923)
participate(Course53,User1923)
participate(Course70,User1930)
participate(Course53,User1933)
participate(Course47,User1934)
participate(Course53,User1934)
participate(Course30,User1937)
participate(Course45,User1938)
participate(Course45,User1939)
participate(Course64,User1942)
participate(Course42,User1943)
participate(Course45,User1946)
participate(Course51,User1946)
participate(Course52,User1948)
participate(Course97,User1949)
participate(Course62,User1949)
participate(Course66,User1954)
participate(Course52,User1954)
participate(Course64,User1954)
participate(Course54,User1957)
participate(Course30,User1960)
participate(Course59,User1960)
participate(Course95,User1967)
participate(Course49,User1967)
participate(Course68,User1967)
participate(Course50,User1967)
participate(Course56,User1976)
participate(Course59,User1978)
participate(Course71,User1978)
participate(Course76,User1979)
participate(Course23,User1981)
participate(Course47,User1984)
participate(Course47,User1987)
participate(Course53,User1987)
participate(Course85,User1988)
participate(Course23,User1990)
participate(Course63,User1991)
participate(Course102,User1994)
participate(Course86,User2003)
participate(Course76,User2006)
participate(Course23,User2007)
participate(Course92,User2008)
participate(Course87,User2018)
participate(Course76,User2021)
participate(Course86,User2025)
participate(Course26,User2027)
participate(Course85,User2030)
participate(Course99,User2034)
participate(Course98,User2034)
participate(Course55,User2038)
participate(Course57,User2039)
participate(Course62,User2039)
participate(Course23,User2042)
participate(Course82,User2043)
participate(Course57,User2045)
participate(Course35,User2045)
participate(Course53,User2051)
participate(Course75,User2054)
participate(Course30,User2063)
participate(Course87,User2066)
participate(Course58,User2068)
participate(Course53,User2068)
participate(Course48,User2068)
participate(Course69,User2069)
participate(Course71,User2070)
participate(Course64,User2071)
participate(Course76,User2071)
participate(Course45,User2073)
participate(Course54,User2073)
participate(Course55,User2074)
participate(Course49,User2075)
participate(Course70,User2075)
participate(Course52,User2080)
participate(Course79,User2080)
participate(Course52,User2081)
participate(Course64,User2081)
participate(Course79,User2081)
participate(Course51,User2082)
participate(Course88,User2085)
participate(Course74,User2090)
participate(Course53,User2090)
participate(Course64,User2091)
participate(Course66,User2092)
participate(Course52,User2092)
participate(Course79,User2092)
participate(Course23,User2093)
participate(Course60,User2093)
participate(Course59,User2096)
participate(Course51,User2096)
participate(Course45,User2098)
participate(Course84,User2099)
participate(Course76,User2105)
participate(Course52,User2108)
participate(Course57,User2110)
participate(Course55,User2111)
participate(Course53,User2117)
participate(Course63,User2119)
participate(Course90,User2119)
participate(Course82,User2119)
participate(Course81,User2124)
participate(Course90,User2124)
participate(Course46,User2125)
participate(Course55,User2125)
participate(Course69,User2125)
participate(Course56,User2125)
participate(Course99,User2128)
participate(Course23,User2130)
participate(Course97,User2131)
participate(Course60,User2131)
participate(Course52,User2131)
participate(Course64,User2133)
participate(Course92,User2134)
participate(Course23,User2135)
participate(Course45,User2145)
participate(Course30,User2147)
participate(Course103,User2147)
participate(Course53,User2150)
participate(Course96,User2160)
participate(Course68,User2160)
participate(Course60,User2165)
participate(Course52,User2165)
participate(Course64,User2165)
participate(Course79,User2165)
participate(Course30,User2177)
participate(Course59,User2177)
participate(Course81,User2177)
participate(Course83,User2177)
participate(Course71,User2177)
participate(Course52,User2180)
participate(Course69,User2182)
participate(Course56,User2182)
participate(Course53,User2186)
participate(Course94,User2187)
participate(Course96,User2188)
participate(Course50,User2188)
participate(Course85,User2189)
participate(Course88,User2191)
participate(Course62,User2197)
participate(Course45,User2200)
participate(Course54,User2200)
participate(Course52,User2203)
participate(Course79,User2203)
participate(Course66,User2205)
participate(Course64,User2205)
participate(Course95,User2208)
participate(Course49,User2208)
participate(Course61,User2208)
participate(Course62,User2208)
participate(Course58,User2210)
participate(Course47,User2210)
participate(Course59,User2210)
participate(Course91,User2211)
participate(Course54,User2218)
participate(Course79,User2218)
participate(Course47,User2225)
participate(Course65,User2227)
participate(Course76,User2228)
participate(Course42,User2237)
participate(Course54,User2237)
participate(Course53,User2245)
participate(Course62,User2247)
participate(Course34,User2248)
participate(Course69,User2248)
participate(Course98,User2248)
participate(Course55,User2249)
participate(Course91,User2253)
participate(Course102,User2259)
participate(Course30,User2261)
participate(Course47,User2265)
participate(Course99,User2268)
participate(Course54,User2268)
participate(Course48,User2270)
participate(Course52,User2273)
participate(Course64,User2273)
participate(Course47,User2274)
participate(Course52,User2275)
participate(Course64,User2275)
participate(Course79,User2275)
participate(Course45,User2281)
participate(Course59,User2299)
participate(Course90,User2299)
participate(Course88,User2299)
participate(Course30,User2301)
participate(Course93,User2304)
participate(Course98,User2307)
participate(Course93,User2310)
participate(Course57,User2310)
participate(Course67,User2310)
participate(Course69,User2310)
participate(Course26,User2310)
participate(Course71,User2310)
participate(Course62,User2310)
participate(Course91,User2313)
participate(Course57,User2319)
participate(Course35,User2322)
participate(Course66,User2323)
participate(Course76,User2323)
participate(Course49,User2324)
participate(Course70,User2324)
participate(Course95,User2341)
participate(Course55,User2351)
participate(Course35,User2356)
participate(Course64,User2358)
participate(Course92,User2359)
participate(Course54,User2370)
participate(Course45,User2374)
participate(Course65,User2379)
participate(Course102,User2385)
participate(Course95,User2388)
participate(Course49,User2388)
participate(Course65,User2388)
participate(Course23,User2390)
participate(Course45,User2394)
participate(Course51,User2394)
participate(Course57,User2395)
participate(Course51,User2397)
participate(Course74,User2398)
participate(Course46,User2401)
participate(Course55,User2401)
participate(Course47,User2401)
participate(Course75,User2401)
participate(Course55,User2402)
participate(Course53,User2411)
participate(Course48,User2413)
participate(Course48,User2414)
participate(Course45,User2415)
participate(Course85,User2418)
participate(Course58,User2419)
participate(Course81,User2419)
participate(Course30,User2428)
participate(Course103,User2428)
participate(Course59,User2431)
participate(Course63,User2431)
participate(Course95,User2434)
participate(Course49,User2434)
participate(Course86,User2434)
participate(Course47,User2437)
participate(Course59,User2437)
participate(Course83,User2437)
participate(Course23,User2440)
participate(Course35,User2442)
participate(Course52,User2445)
participate(Course23,User2453)
participate(Course47,User2456)
participate(Course57,User2456)
participate(Course54,User2459)
participate(Course55,User2462)
participate(Course91,User2462)
participate(Course69,User2475)
participate(Course35,User2475)
participate(Course59,User2476)
participate(Course52,User2481)
participate(Course64,User2481)
participate(Course53,User2489)
participate(Course56,User2489)
participate(Course35,User2490)
participate(Course63,User2492)
participate(Course82,User2502)
participate(Course68,User2511)
participate(Course35,User2511)
participate(Course90,User2511)
participate(Course96,User2514)
participate(Course59,User2514)
participate(Course63,User2514)
participate(Course66,User2515)
participate(Course76,User2515)
participate(Course46,User2519)
participate(Course76,User2520)
participate(Course64,User2521)
participate(Course35,User2522)
participate(Course53,User2524)
participate(Course48,User2524)
participate(Course76,User2525)
participate(Course80,User2530)
participate(Course65,User2533)
participate(Course35,User2534)
participate(Course30,User2540)
participate(Course78,User2546)
participate(Course30,User2547)
participate(Course101,User2553)
participate(Course54,User2556)
participate(Course52,User2557)
participate(Course52,User2558)
participate(Course46,User2559)
participate(Course55,User2560)
participate(Course56,User2560)
participate(Course52,User2561)
participate(Course64,User2561)
participate(Course79,User2561)
participate(Course23,User2564)
participate(Course30,User2564)
participate(Course64,User2566)
participate(Course76,User2566)
participate(Course86,User2572)
participate(Course45,User2576)
participate(Course30,User2586)
participate(Course53,User2588)
participate(Course93,User2589)
participate(Course49,User2589)
participate(Course88,User2589)
participate(Course86,User2589)
participate(Course47,User2591)
participate(Course65,User2592)
participate(Course57,User2594)
participate(Course55,User2600)
participate(Course76,User2601)
participate(Course51,User2602)
participate(Course23,User2603)
participate(Course47,User2605)
participate(Course92,User2607)
participate(Course89,User2608)
participate(Course65,User2609)
participate(Course67,User2613)
participate(Course26,User2613)
participate(Course82,User2613)
participate(Course93,User2614)
participate(Course49,User2614)
participate(Course71,User2614)
participate(Course52,User2616)
participate(Course76,User2616)
participate(Course94,User2617)
participate(Course95,User2617)
participate(Course49,User2617)
participate(Course80,User2617)
participate(Course88,User2617)
participate(Course23,User2618)
participate(Course99,User2631)
participate(Course75,User2631)
participate(Course98,User2631)
participate(Course54,User2632)
participate(Course100,User2638)
participate(Course78,User2638)
participate(Course59,User2638)
participate(Course68,User2638)
participate(Course26,User2638)
participate(Course54,User2646)
participate(Course52,User2648)
participate(Course66,User2652)
participate(Course23,User2655)
participate(Course47,User2661)
participate(Course49,User2661)
participate(Course76,User2664)
participate(Course23,User2672)
participate(Course64,User2673)
participate(Course93,User2679)
participate(Course30,User2679)
participate(Course69,User2679)
participate(Course71,User2679)
participate(Course62,User2679)
participate(Course23,User2687)
participate(Course51,User2691)
participate(Course88,User2693)
participate(Course45,User2697)
participate(Course95,User2701)
participate(Course42,User2707)
participate(Course53,User2710)
participate(Course55,User2716)
participate(Course86,User2721)
participate(Course52,User2734)
participate(Course84,User2736)
participate(Course53,User2736)
participate(Course84,User2737)
participate(Course98,User2737)
participate(Course47,User2740)
participate(Course53,User2740)
participate(Course55,User2741)
participate(Course45,User2743)
participate(Course54,User2743)
participate(Course89,User2747)
participate(Course87,User2759)
participate(Course57,User2760)
participate(Course104,User2760)
participate(Course95,User2760)
participate(Course58,User2762)
participate(Course81,User2762)
participate(Course83,User2762)
participate(Course62,User2770)
participate(Course57,User2773)
participate(Course71,User2773)
participate(Course62,User2773)
participate(Course55,User2778)
participate(Course69,User2778)
participate(Course101,User2778)
participate(Course47,User2785)
participate(Course23,User2791)
participate(Course52,User2793)
participate(Course30,User2796)
participate(Course45,User2798)
participate(Course54,User2798)
participate(Course47,User2802)
participate(Course76,User2803)
participate(Course35,User2813)
participate(Course35,User2818)
participate(Course46,User2820)
participate(Course47,User2820)
participate(Course90,User2825)
participate(Course70,User2825)
participate(Course51,User2833)
participate(Course35,User2837)
participate(Course76,User2845)
participate(Course63,User2851)
participate(Course53,User2852)
participate(Course53,User2853)
participate(Course35,User2853)
participate(Course89,User2853)
participate(Course55,User2856)
participate(Course30,User2859)
participate(Course55,User2865)
participate(Course47,User2865)
participate(Course75,User2865)
participate(Course30,User2871)
participate(Course47,User2876)
participate(Course53,User2876)
participate(Course78,User2878)
participate(Course103,User2879)
participate(Course62,User2879)
participate(Course57,User2881)
participate(Course72,User2881)
participate(Course66,User2882)
participate(Course76,User2882)
participate(Course54,User2885)
participate(Course95,User2886)
participate(Course62,User2886)
participate(Course68,User2892)
participate(Course94,User2894)
participate(Course57,User2894)
participate(Course52,User2901)
participate(Course53,User2905)
participate(Course23,User2909)
participate(Course102,User2915)
participate(Course23,User2917)
participate(Course51,User2921)
participate(Course70,User2926)
participate(Course100,User2927)
participate(Course77,User2927)
participate(Course69,User2927)
participate(Course90,User2927)
participate(Course23,User2929)
participate(Course58,User2937)
participate(Course68,User2937)
participate(Course71,User2937)
participate(Course35,User2938)
participate(Course45,User2939)
participate(Course51,User2939)
participate(Course70,User2941)
participate(Course99,User2944)
participate(Course63,User2946)
participate(Course81,User2946)
participate(Course58,User2955)
participate(Course96,User2955)
participate(Course68,User2955)
participate(Course34,User2956)
participate(Course49,User2956)
participate(Course52,User2964)
participate(Course79,User2964)
participate(Course54,User2967)
participate(Course88,User2968)
participate(Course30,User2975)
participate(Course103,User2975)
participate(Course35,User2976)
participate(Course54,User2977)
participate(Course47,User2988)
participate(Course48,User2988)
participate(Course57,User2989)
participate(Course52,User2991)
participate(Course79,User2991)
participate(Course57,User2994)
participate(Course35,User2994)
participate(Course88,User2994)
participate(Course60,User3001)
participate(Course35,User3001)
participate(Course91,User3001)
participate(Course52,User3003)
participate(Course79,User3003)
participate(Course53,User3009)
participate(Course57,User3011)
participate(Course92,User3011)
participate(Course87,User3021)
participate(Course99,User3022)
participate(Course53,User3022)
participate(Course57,User3029)
participate(Course69,User3029)
participate(Course82,User3029)
participate(Course53,User3032)
participate(Course30,User3036)
participate(Course103,User3036)
participate(Course60,User3044)
participate(Course77,User3049)
participate(Course96,User3049)
participate(Course68,User3049)
participate(Course52,User3059)
participate(Course105,User3060)
participate(Course69,User3064)
participate(Course59,User3064)
participate(Course58,User3071)
participate(Course47,User3071)
participate(Course59,User3071)
participate(Course52,User3072)
participate(Course79,User3072)
participate(Course55,User3075)
participate(Course59,User3078)
participate(Course76,User3086)
participate(Course23,User3091)
participate(Course23,User3094)
participate(Course47,User3095)
participate(Course53,User3095)
participate(Course52,User3101)
participate(Course60,User3102)
participate(Course53,User3102)
participate(Course78,User3107)
participate(Course59,User3107)
participate(Course50,User3107)
participate(Course23,User3109)
participate(Course30,User3109)
participate(Course63,User3112)
participate(Course83,User3112)
participate(Course90,User3112)
participate(Course52,User3118)
participate(Course30,User3120)
participate(Course45,User3125)
participate(Course45,User3126)
participate(Course66,User3132)
participate(Course53,User3132)
participate(Course86,User3132)
participate(Course23,User3134)
participate(Course47,User3139)
participate(Course57,User3140)
participate(Course72,User3140)
participate(Course35,User3140)
participate(Course87,User3142)
participate(Course60,User3146)
participate(Course64,User3146)
participate(Course57,User3151)
participate(Course105,User3151)
participate(Course62,User3151)
participate(Course62,User3156)
participate(Course59,User3157)
participate(Course34,User3161)
participate(Course55,User3163)
participate(Course30,User3165)
participate(Course98,User3165)
participate(Course66,User3166)
participate(Course64,User3166)
participate(Course23,User3170)
participate(Course53,User3175)
participate(Course35,User3178)
participate(Course86,User3178)
participate(Course55,User3185)
participate(Course65,User3185)
participate(Course52,User3186)
participate(Course79,User3186)
participate(Course23,User3187)
participate(Course30,User3187)
participate(Course86,User3189)
participate(Course61,User3194)
participate(Course64,User3195)
participate(Course57,User3199)
participate(Course71,User3199)
participate(Course61,User3199)
participate(Course49,User3202)
participate(Course71,User3202)
participate(Course64,User3205)
participate(Course60,User3208)
participate(Course53,User3210)
participate(Course45,User3212)
participate(Course47,User3227)
participate(Course83,User3227)
participate(Course55,User3230)
participate(Course85,User3235)
participate(Course56,User3238)
participate(Course23,User3240)
participate(Course55,User3247)
participate(Course49,User3247)
participate(Course65,User3247)
participate(Course54,User3248)
participate(Course91,User3248)
participate(Course35,User3258)
participate(Course75,User3258)
participate(Course92,User3262)
participate(Course26,User3263)
participate(Course76,User3269)
participate(Course54,User3270)
participate(Course23,User3272)
participate(Course57,User3274)
participate(Course23,User3280)
participate(Course45,User3284)
participate(Course23,User3290)
participate(Course45,User3299)
participate(Course49,User3307)
participate(Course50,User3307)
participate(Course71,User3307)
participate(Course61,User3307)
participate(Course55,User3312)
participate(Course49,User3313)
participate(Course94,User3318)
participate(Course35,User3318)
participate(Course96,User3320)
participate(Course26,User3320)
participate(Course63,User3320)
participate(Course54,User3322)
participate(Course42,User3326)
participate(Course54,User3326)
participate(Course76,User3333)
participate(Course23,User3334)
participate(Course89,User3339)
participate(Course23,User3351)
participate(Course53,User3352)
participate(Course45,User3354)
participate(Course86,User3357)
participate(Course45,User3361)
participate(Course71,User3364)
participate(Course76,User3366)
participate(Course23,User3376)
participate(Course94,User3383)
participate(Course59,User3383)
participate(Course49,User3383)
participate(Course35,User3383)
participate(Course23,User3386)
participate(Course53,User3389)
participate(Course48,User3389)
participate(Course51,User3391)
participate(Course47,User3395)
participate(Course94,User3400)
participate(Course89,User3401)
participate(Course70,User3401)
participate(Course45,User3405)
participate(Course96,User3410)
participate(Course30,User3410)
participate(Course52,User3411)
participate(Course30,User3413)
participate(Course53,User3415)
participate(Course57,User3417)
participate(Course69,User3417)
participate(Course92,User3417)
participate(Course94,User3418)
participate(Course59,User3418)
participate(Course46,User3420)
participate(Course70,User3427)
participate(Course52,User3428)
participate(Course54,User3430)
participate(Course87,User3431)
participate(Course45,User3441)
participate(Course23,User3446)
participate(Course23,User3447)
participate(Course66,User3448)
participate(Course99,User3454)
participate(Course78,User3454)
participate(Course59,User3456)
participate(Course49,User3456)
participate(Course50,User3456)
participate(Course81,User3456)
participate(Course90,User3456)
participate(Course62,User3458)
participate(Course76,User3460)
participate(Course57,User3461)
participate(Course78,User3470)
participate(Course59,User3470)
participate(Course50,User3470)
participate(Course55,User3475)
participate(Course89,User3475)
participate(Course52,User3476)
participate(Course64,User3476)
participate(Course74,User3477)
participate(Course35,User3477)
participate(Course93,User3480)
participate(Course69,User3480)
participate(Course23,User3481)
participate(Course30,User3484)
participate(Course47,User3484)
participate(Course63,User3484)
participate(Course72,User3495)
participate(Course50,User3495)
participate(Course55,User3498)
participate(Course46,User3499)
participate(Course57,User3500)
participate(Course69,User3500)
participate(Course52,User3502)
participate(Course79,User3502)
participate(Course57,User3504)
participate(Course58,User3513)
participate(Course66,User3516)
participate(Course76,User3516)
participate(Course64,User3517)
participate(Course90,User3522)
participate(Course47,User3523)
participate(Course75,User3523)
participate(Course60,User3529)
participate(Course52,User3530)
participate(Course79,User3530)
participate(Course30,User3531)
participate(Course50,User3531)
participate(Course82,User3531)
participate(Course30,User3532)
participate(Course97,User3532)
participate(Course47,User3532)
participate(Course57,User3532)
participate(Course64,User3537)
participate(Course57,User3543)
participate(Course76,User3544)
participate(Course53,User3546)
participate(Course92,User3546)
participate(Course53,User3547)
participate(Course35,User3547)
participate(Course30,User3550)
participate(Course53,User3551)
participate(Course48,User3552)
participate(Course66,User3556)
participate(Course64,User3556)
participate(Course23,User3558)
participate(Course30,User3558)
participate(Course86,User3560)
participate(Course52,User3564)
participate(Course79,User3564)
participate(Course105,User3565)
participate(Course57,User3572)
participate(Course69,User3572)
participate(Course52,User3573)
participate(Course79,User3573)
participate(Course30,User3574)
participate(Course58,User3590)
participate(Course57,User3590)
participate(Course59,User3590)
participate(Course49,User3590)
participate(Course35,User3590)
participate(Course83,User3590)
participate(Course105,User3590)
participate(Course71,User3590)
participate(Course62,User3590)
participate(Course46,User3593)
participate(Course47,User3593)
participate(Course53,User3593)
participate(Course64,User3599)
participate(Course53,User3606)
participate(Course58,User3607)
participate(Course30,User3607)
participate(Course57,User3607)
participate(Course104,User3607)
participate(Course81,User3607)
participate(Course83,User3607)
participate(Course52,User3614)
participate(Course79,User3614)
participate(Course57,User3615)
participate(Course95,User3615)
participate(Course88,User3615)
participate(Course62,User3615)
participate(Course34,User3616)
participate(Course64,User3617)
participate(Course69,User3621)
participate(Course70,User3621)
participate(Course23,User3626)
participate(Course85,User3628)
participate(Course49,User3628)
participate(Course88,User3634)
participate(Course61,User3634)
participate(Course52,User3635)
participate(Course34,User3641)
participate(Course47,User3648)
participate(Course30,User3649)
participate(Course100,User3651)
participate(Course50,User3651)
participate(Course83,User3651)
participate(Course23,User3654)
participate(Course89,User3659)
participate(Course100,User3662)
participate(Course51,User3662)
participate(Course81,User3662)
participate(Course82,User3662)
participate(Course67,User3671)
participate(Course69,User3671)
participate(Course87,User3675)
participate(Course55,User3677)
participate(Course26,User3685)
participate(Course30,User3691)
participate(Course53,User3692)
participate(Course23,User3694)
participate(Course52,User3696)
participate(Course48,User3699)
participate(Course70,User3699)
participate(Course85,User3700)
participate(Course49,User3700)
participate(Course51,User3705)
participate(Course46,User3709)
participate(Course93,User3709)
participate(Course64,User3712)
participate(Course85,User3713)
participate(Course23,User3715)
participate(Course23,User3719)
participate(Course50,User3721)
participate(Course53,User3723)
participate(Course76,User3725)
participate(Course23,User3730)
participate(Course55,User3731)
participate(Course56,User3731)
participate(Course42,User3732)
participate(Course54,User3732)
participate(Course23,User3738)
participate(Course53,User3738)
participate(Course80,User3751)
participate(Course35,User3754)
participate(Course64,User3754)
participate(Course79,User3754)
participate(Course69,User3761)
participate(Course83,User3762)
participate(Course52,User3764)
participate(Course52,User3766)
participate(Course47,User3768)
participate(Course63,User3769)
participate(Course94,User3777)
participate(Course85,User3777)
participate(Course64,User3783)
participate(Course30,User3784)
participate(Course57,User3785)
participate(Course62,User3785)
participate(Course52,User3786)
participate(Course64,User3786)
participate(Course69,User3795)
participate(Course86,User3795)
participate(Course55,User3798)
participate(Course57,User3806)
participate(Course84,User3807)
participate(Course45,User3821)
participate(Course88,User3822)
participate(Course100,User3824)
participate(Course77,User3824)
participate(Course59,User3824)
participate(Course90,User3824)
participate(Course52,User3826)
participate(Course23,User3831)
participate(Course47,User3832)
participate(Course86,User3835)
participate(Course34,User3840)
participate(Course104,User3844)
participate(Course45,User3863)
participate(Course49,User3866)
participate(Course68,User3866)
participate(Course55,User3867)
participate(Course48,User3873)
participate(Course92,User3874)
participate(Course45,User3876)
participate(Course47,User3879)
participate(Course53,User3879)
participate(Course85,User3890)
participate(Course53,User3894)
participate(Course30,User3896)
participate(Course57,User3896)
participate(Course79,User3896)
participate(Course70,User3896)
participate(Course54,User3898)
participate(Course34,User3900)
participate(Course53,User3901)
participate(Course30,User3908)
participate(Course59,User3908)
participate(Course45,User3909)
participate(Course55,User3911)
participate(Course92,User3911)
participate(Course53,User3912)
participate(Course93,User3913)
participate(Course26,User3913)
participate(Course52,User3918)
participate(Course52,User3924)
participate(Course53,User3927)
participate(Course42,User3936)
participate(Course45,User3936)
participate(Course52,User3937)
participate(Course86,User3938)
participate(Course58,User3949)
participate(Course96,User3949)
participate(Course78,User3949)
participate(Course45,User3952)
participate(Course47,User3957)
participate(Course53,User3960)
participate(Course65,User3960)
participate(Course67,User3962)
participate(Course68,User3964)
participate(Course50,User3964)
participate(Course72,User3968)
participate(Course88,User3968)
participate(Course45,User3972)
participate(Course64,User3978)
participate(Course47,User3980)
participate(Course23,User3981)
participate(Course26,User3986)
participate(Course83,User3986)
participate(Course90,User3986)
participate(Course78,User3992)
participate(Course80,User3992)
participate(Course26,User3992)
participate(Course23,User3995)
participate(Course49,User4010)
participate(Course66,User4017)
participate(Course23,User4025)
participate(Course30,User4027)
participate(Course58,User4036)
participate(Course30,User4036)
participate(Course59,User4036)
participate(Course71,User4037)
participate(Course62,User4037)
participate(Course52,User4040)
participate(Course79,User4040)
participate(Course51,User4041)
participate(Course66,User4042)
participate(Course30,User4043)
participate(Course69,User4043)
participate(Course78,User4043)
participate(Course63,User4043)
participate(Course78,User4054)
participate(Course26,User4054)
participate(Course47,User4055)
participate(Course72,User4056)
participate(Course50,User4056)
participate(Course90,User4056)
participate(Course52,User4059)
participate(Course64,User4059)
participate(Course77,User4061)
participate(Course69,User4061)
participate(Course81,User4061)
participate(Course100,User4064)
participate(Course96,User4064)
participate(Course59,User4064)
participate(Course90,User4064)
participate(Course45,User4065)
participate(Course53,User4075)
participate(Course91,User4075)
participate(Course46,User4080)
participate(Course55,User4080)
participate(Course92,User4080)
participate(Course23,User4088)
participate(Course94,User4089)
participate(Course57,User4089)
participate(Course60,User4097)
participate(Course52,User4098)
participate(Course64,User4098)
participate(Course79,User4098)
participate(Course53,User4100)
participate(Course53,User4107)
participate(Course53,User4109)
participate(Course35,User4111)
participate(Course26,User4111)
participate(Course69,User4114)
participate(Course56,User4114)
participate(Course23,User4124)
participate(Course23,User4128)
participate(Course94,User4130)
participate(Course47,User4131)
participate(Course101,User4142)
participate(Course70,User4142)
participate(Course74,User4143)
participate(Course65,User4143)
participate(Course52,User4145)
participate(Course101,User4154)
participate(Course67,User4156)
participate(Course74,User4158)
participate(Course30,User4158)
participate(Course57,User4162)
participate(Course62,User4162)
participate(Course80,User4163)
participate(Course52,User4164)
participate(Course79,User4164)
participate(Course55,User4166)
participate(Course92,User4166)
participate(Course104,User4168)
participate(Course79,User4175)
participate(Course66,User4178)
participate(Course52,User4179)
participate(Course64,User4179)
participate(Course52,User4180)
participate(Course79,User4180)
participate(Course47,User4187)
participate(Course62,User4187)
participate(Course42,User4191)
participate(Course54,User4191)
participate(Course23,User4192)
participate(Course64,User4194)
participate(Course49,User4196)
participate(Course99,User4206)
participate(Course45,User4207)
participate(Course55,User4208)
participate(Course69,User4208)
participate(Course64,User4214)
participate(Course47,User4219)
participate(Course76,User4220)
participate(Course45,User4221)
participate(Course47,User4226)
participate(Course53,User4226)
participate(Course92,User4227)
participate(Course64,User4232)
participate(Course66,User4239)
participate(Course76,User4239)
participate(Course23,User4250)
participate(Course70,User4255)
participate(Course53,User4257)
participate(Course64,User4261)
participate(Course60,User4263)
participate(Course57,User4266)
participate(Course48,User4267)
participate(Course51,User4270)
participate(Course23,User4272)
participate(Course35,User4273)
participate(Course56,User4273)
participate(Course23,User4275)
participate(Course96,User4276)
participate(Course78,User4276)
participate(Course49,User4281)
participate(Course71,User4281)
participate(Course101,User4283)
participate(Course51,User4293)
participate(Course57,User4305)
participate(Course35,User4305)
participate(Course71,User4305)
participate(Course88,User4305)
participate(Course62,User4305)
participate(Course52,User4308)
participate(Course79,User4308)
participate(Course58,User4309)
participate(Course59,User4309)
participate(Course52,User4314)
participate(Course79,User4314)
participate(Course64,User4318)
participate(Course30,User4328)
participate(Course97,User4328)
participate(Course69,User4328)
participate(Course59,User4328)
participate(Course30,User4333)
participate(Course54,User4334)
participate(Course57,User4339)
participate(Course91,User4345)
participate(Course23,User4346)
participate(Course30,User4347)
participate(Course84,User4348)
participate(Course74,User4348)
participate(Course53,User4348)
participate(Course87,User4349)
participate(Course49,User4355)
participate(Course91,User4355)
participate(Course100,User4362)
participate(Course96,User4362)
participate(Course49,User4362)
participate(Course68,User4362)
participate(Course90,User4362)
participate(Course35,User4363)
participate(Course48,User4368)
participate(Course45,User4370)
participate(Course53,User4373)
participate(Course71,User4380)
participate(Course48,User4380)
participate(Course30,User4381)
participate(Course103,User4381)
participate(Course53,User4386)
participate(Course66,User4393)
participate(Course89,User4404)
participate(Course87,User4405)
participate(Course64,User4405)
participate(Course65,User4419)
participate(Course95,User4427)
participate(Course68,User4428)
participate(Course23,User4430)
participate(Course64,User4430)
participate(Course52,User4432)
participate(Course64,User4432)
participate(Course94,User4433)
participate(Course47,User4436)
participate(Course60,User4437)
participate(Course47,User4442)
participate(Course57,User4442)
participate(Course69,User4442)
participate(Course49,User4442)
participate(Course51,User4443)
participate(Course53,User4444)
participate(Course64,User4448)
participate(Course53,User4450)
participate(Course52,User4455)
participate(Course60,User4460)
participate(Course45,User4460)
participate(Course66,User4462)
participate(Course89,User4464)
participate(Course47,User4466)
participate(Course65,User4467)
participate(Course85,User4468)
participate(Course85,User4469)
participate(Course52,User4474)
participate(Course64,User4474)
participate(Course65,User4475)
participate(Course47,User4477)
participate(Course66,User4486)
participate(Course64,User4486)
participate(Course54,User4488)
participate(Course79,User4491)
participate(Course76,User4493)
participate(Course62,User4494)
participate(Course53,User4496)
participate(Course76,User4498)
participate(Course53,User4507)
participate(Course64,User4510)
participate(Course23,User4514)
participate(Course86,User4515)
participate(Course51,User4516)
participate(Course30,User4518)
participate(Course54,User4528)
participate(Course85,User4529)
participate(Course46,User4530)
participate(Course23,User4535)
participate(Course66,User4538)
participate(Course57,User4539)
participate(Course61,User4539)
participate(Course62,User4539)
participate(Course60,User4545)
participate(Course48,User4548)
participate(Course84,User4550)
participate(Course48,User4550)
participate(Course55,User4551)
participate(Course92,User4551)
participate(Course52,User4555)
participate(Course79,User4555)
participate(Course23,User4556)
participate(Course49,User4557)
participate(Course52,User4558)
participate(Course93,User4559)
participate(Course88,User4559)
participate(Course86,User4559)
participate(Course64,User4566)
participate(Course45,User4568)
participate(Course54,User4568)
participate(Course99,User4570)
participate(Course65,User4576)
participate(Course57,User4577)
participate(Course57,User4585)
participate(Course71,User4585)
participate(Course30,User4594)
participate(Course94,User4595)
participate(Course88,User4595)