participate(Course26,User20)
participate(Course30,User27)
participate(Course34,User32)
participate(Course42,User43)
participate(Course46,User52)
participate(Course48,User57)
participate(Course50,User64)
participate(Course52,User76)
participate(Course54,User95)
participate(Course56,User98)
participate(Course58,User107)
participate(Course60,User109)
participate(Course62,User113)
participate(Course52,User120)
participate(Course64,User120)
participate(Course30,User125)
participate(Course66,User130)
participate(Course30,User131)
participate(Course66,User134)
participate(Course68,User139)
participate(Course30,User147)
participate(Course70,User147)
participate(Course72,User153)
participate(Course70,User153)
participate(Course60,User159)
participate(Course50,User164)
participate(Course48,User168)
participate(Course74,User175)
participate(Course30,User177)
participate(Course74,User184)
participate(Course52,User192)
participate(Course52,User195)
participate(Course76,User198)
participate(Course78,User208)
participate(Course68,User208)
participate(Course30,User214)
participate(Course52,User229)
participate(Course54,User234)
participate(Course46,User235)
participate(Course76,User258)
participate(Course30,User259)
participate(Course30,User267)
participate(Course52,User272)
participate(Course80,User282)
participate(Course64,User283)
participate(Course58,User289)
participate(Course54,User297)
participate(Course64,User304)
participate(Course76,User309)
participate(Course66,User313)
participate(Course64,User313)
participate(Course78,User323)
participate(Course58,User324)
participate(Course46,User326)
participate(Course60,User327)
participate(Course82,User328)
participate(Course68,User330)
participate(Course50,User330)
participate(Course30,User336)
participate(Course52,User338)
participate(Course30,User339)
participate(Course70,User346)
participate(Course52,User351)
participate(Course64,User351)
participate(Course54,User369)
participate(Course30,User370)
participate(Course76,User378)
participate(Course30,User384)
participate(Course54,User385)
participate(Course66,User394)
participate(Course60,User394)
participate(Course76,User394)
participate(Course76,User397)
participate(Course74,User399)
participate(Course52,User401)
participate(Course64,User401)
participate(Course66,User407)
participate(Course84,User408)
participate(Course66,User412)
participate(Course52,User412)
participate(Course72,User420)
participate(Course62,User420)
participate(Course26,User440)
participate(Course52,User454)
participate(Course68,User457)
participate(Course86,User457)
participate(Course62,User457)
participate(Course54,User468)
participate(Course76,User473)
participate(Course88,User486)
participate(Course90,User498)
participate(Course50,User503)
participate(Course92,User508)
participate(Course60,User510)
participate(Course94,User515)
participate(Course88,User515)
participate(Course48,User524)
participate(Course70,User529)
participate(Course64,User534)
participate(Course54,User535)
participate(Course66,User542)
participate(Course48,User546)
participate(Course76,User550)
participate(Course66,User558)
participate(Course76,User577)
participate(Course26,User580)
participate(Course76,User582)
participate(Course66,User594)
participate(Course74,User596)
participate(Course52,User600)
participate(Course30,User601)
participate(Course64,User602)
participate(Course52,User614)
participate(Course66,User617)
participate(Course52,User626)
participate(Course60,User636)
participate(Course34,User637)
participate(Course96,User676)
participate(Course66,User682)
participate(Course72,User683)
participate(Course54,User696)
participate(Course64,User701)
participate(Course64,User702)
participate(Course70,User703)
participate(Course88,User713)
participate(Course30,User716)
participate(Course50,User716)
participate(Course26,User716)
participate(Course72,User719)
participate(Course82,User719)
participate(Course30,User724)
participate(Course86,User725)
participate(Course90,User738)
participate(Course66,User743)
participate(Course62,User746)
participate(Course34,User747)
participate(Course62,User764)
participate(Course52,User771)
participate(Course64,User771)
participate(Course76,User778)
participate(Course52,User784)
participate(Course98,User792)
participate(Course52,User807)
participate(Course76,User813)
participate(Course68,User823)
participate(Course84,User846)
participate(Course60,User861)
participate(Course54,User871)
participate(Course100,User872)
participate(Course90,User872)
participate(Course66,User883)
participate(Course60,User883)
participate(Course64,User883)
participate(Course60,User887)
participate(Course54,User903)
participate(Course52,User910)
participate(Course64,User912)
participate(Course80,User919)
participate(Course86,User919)
participate(Course64,User923)
participate(Course64,User924)
participate(Course46,User931)
participate(Course70,User937)
participate(Course66,User950)
participate(Course66,User960)
participate(Course84,User967)
participate(Course96,User979)
participate(Course30,User995)
participate(Course46,User996)
participate(Course52,User1004)
participate(Course60,User1019)
participate(Course58,User1033)
participate(Course102,User1034)
participate(Course66,User1034)
participate(Course66,User1044)
participate(Course64,User1044)
participate(Course76,User1044)
participate(Course54,User1048)
participate(Course86,User1050)
participate(Course52,User1059)
participate(Course58,User1070)
participate(Course46,User1081)
participate(Course66,User1090)
participate(Course88,User1096)
participate(Course84,User1100)
participate(Course54,User1104)
participate(Course84,User1105)
participate(Course52,User1113)
participate(Course52,User1117)
participate(Course56,User1118)
participate(Course30,User1129)
participate(Course78,User1129)
participate(Course70,User1129)
participate(Course64,User1134)
participate(Course52,User1143)
participate(Course66,User1147)
participate(Course42,User1147)
participate(Course88,User1147)
participate(Course86,User1147)
participate(Course30,User1148)
participate(Course30,User1149)
participate(Course52,User1154)
participate(Course46,User1156)
participate(Course82,User1160)
participate(Course66,User1161)
participate(Course84,User1172)
participate(Course74,User1172)
participate(Course52,User1176)
participate(Course66,User1187)
participate(Course86,User1201)
participate(Course80,User1208)
participate(Course52,User1209)
participate(Course66,User1224)
participate(Course102,User1228)
participate(Course42,User1230)
participate(Course54,User1230)
participate(Course60,User1244)
participate(Course64,User1244)
participate(Course92,User1255)
participate(Course52,User1264)
participate(Course94,User1268)
participate(Course52,User1282)
participate(Course50,User1290)
participate(Course54,User1295)
participate(Course70,User1304)
participate(Course76,User1312)
participate(Course66,User1313)
participate(Course64,User1313)
participate(Course76,User1315)
participate(Course54,User1323)
participate(Course30,User1327)
participate(Course92,User1329)
participate(Course30,User1334)
participate(Course100,User1354)
participate(Course58,User1354)
participate(Course30,User1354)
participate(Course88,User1354)
participate(Course74,User1358)
participate(Course66,User1360)
participate(Course76,User1360)
participate(Course52,User1364)
participate(Course64,User1364)
participate(Course84,User1366)
participate(Course30,User1368)
participate(Course104,User1375)
participate(Course90,User1376)
participate(Course48,User1382)
participate(Course86,User1382)
participate(Course26,User1406)
participate(Course90,User1406)
participate(Course54,User1414)
participate(Course72,User1416)
participate(Course66,User1426)
participate(Course78,User1440)
participate(Course30,User1448)
participate(Course70,User1452)
participate(Course64,User1461)
participate(Course94,User1463)
participate(Course68,User1463)
participate(Course30,User1465)
participate(Course60,User1481)
participate(Course46,User1490)
participate(Course86,User1504)
participate(Course34,User1505)
participate(Course52,User1514)
participate(Course64,User1514)
participate(Course74,User1522)
participate(Course52,User1524)
participate(Course30,User1529)
participate(Course76,User1540)
participate(Course84,User1552)
participate(Course48,User1552)
participate(Course52,User1553)
participate(Course54,User1563)
participate(Course66,User1579)
participate(Course50,User1591)
participate(Course34,User1593)
participate(Course30,User1612)
participate(Course30,User1615)
participate(Course72,User1615)
participate(Course50,User1615)
participate(Course80,User1617)
participate(Course88,User1619)
participate(Course30,User1629)
participate(Course52,User1636)
participate(Course42,User1646)
participate(Course52,User1653)
participate(Course60,User1665)
participate(Course68,User1666)
participate(Course90,User1666)
participate(Course60,User1667)
participate(Course66,User1673)
participate(Course70,User1677)
participate(Course52,User1692)
participate(Course62,User1696)
participate(Course68,User1701)
participate(Course82,User1701)
participate(Course100,User1703)
participate(Course100,User1709)
participate(Course82,User1709)
participate(Course30,User1713)
participate(Course86,User1714)
participate(Course74,User1717)
participate(Course56,User1725)
participate(Course52,User1731)
participate(Course74,User1734)
participate(Course30,User1736)
participate(Course100,User1740)
participate(Course30,User1740)
participate(Course58,User1741)
participate(Course72,User1741)
participate(Course30,User1744)
participate(Course86,User1752)
participate(Course82,User1757)
participate(Course82,User1761)
participate(Course52,User1769)
participate(Course88,User1771)
participate(Course88,User1785)
participate(Course66,User1790)
participate(Course98,User1794)
participate(Course42,User1796)
participate(Course70,User1804)
participate(Course66,User1810)
participate(Course74,User1813)
participate(Course66,User1827)
participate(Course66,User1832)
participate(Course30,User1833)
participate(Course30,User1836)
participate(Course64,User1855)
participate(Course54,User1862)
participate(Course50,User1870)
participate(Course26,User1870)
participate(Course90,User1870)
participate(Course90,User1872)
participate(Course76,User1875)
participate(Course96,User1876)
participate(Course26,User1876)
participate(Course90,User1876)
participate(Course52,User1878)
participate(Course76,User1886)
participate(Course30,User1893)
participate(Course66,User1901)
participate(Course64,User1901)
participate(Course76,User1901)
participate(Course52,User1903)
participate(Course64,User1903)
participate(Course64,User1909)
participate(Course82,User1911)
participate(Course102,User1918)
participate(Course66,User1918)
participate(Course46,User1923)
participate(Course70,User1930)
participate(Course30,User1937)
participate(Course64,User1942)
participate(Course42,User1943)
participate(Course52,User1948)
participate(Course62,User1949)
participate(Course66,User1954)
participate(Course52,User1954)
participate(Course64,User1954)
participate(Course54,User1957)
participate(Course30,User1960)
participate(Course68,User1967)
participate(Course50,User1967)
participate(Course56,User1976)
participate(Course76,User1979)
participate(Course102,User1994)
participate(Course86,User2003)
participate(Course76,User2006)
participate(Course92,User2008)
participate(Course76,User2021)
participate(Course86,User2025)
participate(Course26,User2027)
participate(Course98,User2034)
participate(Course62,User2039)
participate(Course82,User2043)
participate(Course30,User2063)
participate(Course58,User2068)
participate(Course48,User2068)
participate(Course64,User2071)
participate(Course76,User2071)
participate(Course54,User2073)
participate(Course70,User2075)
participate(Course52,User2080)
participate(Course52,User2081)
participate(Course64,User2081)
participate(Course88,User2085)
participate(Course74,User2090)
participate(Course64,User2091)
participate(Course66,User2092)
participate(Course52,User2092)
participate(Course60,User2093)
participate(Course84,User2099)
participate(Course76,User2105)
participate(Course52,User2108)
participate(Course90,User2119)
participate(Course82,User2119)
participate(Course90,User2124)
participate(Course46,User2125)
participate(Course56,User2125)
participate(Course60,User2131)
participate(Course52,User2131)
participate(Course64,User2133)
participate(Course92,User2134)
participate(Course30,User2147)
participate(Course96,User2160)
participate(Course68,User2160)
participate(Course60,User2165)
participate(Course52,User2165)
participate(Course64,User2165)
participate(Course30,User2177)
participate(Course52,User2180)
participate(Course56,User2182)
participate(Course94,User2187)
participate(Course96,User2188)
participate(Course50,User2188)
participate(Course88,User2191)
participate(Course62,User2197)
participate(Course54,User2200)
participate(Course52,User2203)
participate(Course66,User2205)
participate(Course64,User2205)
participate(Course62,User2208)
participate(Course58,User2210)
participate(Course54,User2218)
participate(Course76,User2228)
participate(Course42,User2237)
participate(Course54,User2237)
participate(Course62,User2247)
participate(Course34,User2248)
participate(Course98,User2248)
participate(Course102,User2259)
participate(Course30,User2261)
participate(Course54,User2268)
participate(Course48,User2270)
participate(Course52,User2273)
participate(Course64,User2273)
participate(Course52,User2275)
participate(Course64,User2275)
participate(Course90,User2299)
participate(Course88,User2299)
participate(Course30,User2301)
participate(Course98,User2307)
participate(Course26,User2310)
participate(Course62,User2310)
participate(Course66,User2323)
participate(Course76,User2323)
participate(Course70,User2324)
participate(Course64,User2358)
participate(Course92,User2359)
participate(Course54,User2370)
participate(Course102,User2385)
participate(Course74,User2398)
participate(Course46,User2401)
participate(Course48,User2413)
participate(Course48,User2414)
participate(Course58,User2419)
participate(Course30,User2428)
participate(Course86,User2434)
participate(Course52,User2445)
participate(Course54,User2459)
participate(Course52,User2481)
participate(Course64,User2481)
participate(Course56,User2489)
participate(Course82,User2502)
participate(Course68,User2511)
participate(Course90,User2511)
participate(Course96,User2514)
participate(Course66,User2515)
participate(Course76,User2515)
participate(Course46,User2519)
participate(Course76,User2520)
participate(Course64,User2521)
participate(Course48,User2524)
participate(Course76,User2525)
participate(Course80,User2530)
participate(Course30,User2540)
participate(Course78,User2546)
participate(Course30,User2547)
participate(Course54,User2556)
participate(Course52,User2557)
participate(Course52,User2558)
participate(Course46,User2559)
participate(Course56,User2560)
participate(Course52,User2561)
participate(Course64,User2561)
participate(Course30,User2564)
participate(Course64,User2566)
participate(Course76,User2566)
participate(Course86,User2572)
participate(Course30,User2586)
participate(Course88,User2589)
participate(Course86,User2589)
participate(Course76,User2601)
participate(Course92,User2607)
participate(Course26,User2613)
participate(Course82,User2613)
participate(Course52,User2616)
participate(Course76,User2616)
participate(Course94,User2617)
participate(Course80,User2617)
participate(Course88,User2617)
participate(Course98,User2631)
participate(Course54,User2632)
participate(Course100,User2638)
participate(Course78,User2638)
participate(Course68,User2638)
participate(Course26,User2638)
participate(Course54,User2646)
participate(Course52,User2648)
participate(Course66,User2652)
participate(Course76,User2664)
participate(Course64,User2673)
participate(Course30,User2679)
participate(Course62,User2679)
participate(Course88,User2693)
participate(Course42,User2707)
participate(Course86,User2721)
participate(Course52,User2734)
participate(Course84,User2736)
participate(Course84,User2737)
participate(Course98,User2737)
participate(Course54,User2743)
participate(Course104,User2760)
participate(Course58,User2762)
participate(Course62,User2770)
participate(Course62,User2773)
participate(Course52,User2793)
participate(Course30,User2796)
participate(Course54,User2798)
participate(Course76,User2803)
participate(Course46,User2820)
participate(Course90,User2825)
participate(Course70,User2825)
participate(Course76,User2845)
participate(Course30,User2859)
participate(Course30,User2871)
participate(Course78,User2878)
participate(Course62,User2879)
participate(Course72,User2881)
participate(Course66,User2882)
participate(Course76,User2882)
participate(Course54,User2885)
participate(Course62,User2886)
participate(Course68,User2892)
participate(Course94,User2894)
participate(Course52,User2901)
participate(Course102,User2915)
participate(Course70,User2926)
participate(Course100,User2927)
participate(Course90,User2927)
participate(Course58,User2937)
participate(Course68,User2937)
participate(Course70,User2941)
participate(Course58,User2955)
participate(Course96,User2955)
participate(Course68,User2955)
participate(Course34,User2956)
participate(Course52,User2964)
participate(Course54,User2967)
participate(Course88,User2968)
participate(Course30,User2975)
participate(Course54,User2977)
participate(Course48,User2988)
participate(Course52,User2991)
participate(Course88,User2994)
participate(Course60,User3001)
participate(Course52,User3003)
participate(Course92,User3011)
participate(Course82,User3029)
participate(Course30,User3036)
participate(Course60,User3044)
participate(Course96,User3049)
participate(Course68,User3049)
participate(Course52,User3059)
participate(Course58,User3071)
participate(Course52,User3072)
participate(Course76,User3086)
participate(Course52,User3101)
participate(Course60,User3102)
participate(Course78,User3107)
participate(Course50,User3107)
participate(Course30,User3109)
participate(Course90,User3112)
participate(Course52,User3118)
participate(Course30,User3120)
participate(Course66,User3132)
participate(Course86,User3132)
participate(Course72,User3140)
participate(Course60,User3146)
participate(Course64,User3146)
participate(Course62,User3151)
participate(Course62,User3156)
participate(Course34,User3161)
participate(Course30,User3165)
participate(Course98,User3165)
participate(Course66,User3166)
participate(Course64,User3166)
participate(Course86,User3178)
participate(Course52,User3186)
participate(Course30,User3187)
participate(Course86,User3189)
participate(Course64,User3195)
participate(Course64,User3205)
participate(Course60,User3208)
participate(Course56,User3238)
participate(Course54,User3248)
participate(Course92,User3262)
participate(Course26,User3263)
participate(Course76,User3269)
participate(Course54,User3270)
participate(Course50,User3307)
participate(Course94,User3318)
participate(Course96,User3320)
participate(Course26,User3320)
participate(Course54,User3322)
participate(Course42,User3326)
participate(Course54,User3326)
participate(Course76,User3333)
participate(Course86,User3357)
participate(Course76,User3366)
participate(Course94,User3383)
participate(Course48,User3389)
participate(Course94,User3400)
participate(Course70,User3401)
participate(Course96,User3410)
participate(Course30,User3410)
participate(Course52,User3411)
participate(Course30,User3413)
participate(Course92,User3417)
participate(Course94,User3418)
participate(Course46,User3420)
participate(Course70,User3427)
participate(Course52,User3428)
participate(Course54,User3430)
participate(Course66,User3448)
participate(Course78,User3454)
participate(Course50,User3456)
participate(Course90,User3456)
participate(Course62,User3458)
participate(Course76,User3460)
participate(Course78,User3470)
participate(Course50,User3470)
participate(Course52,User3476)
participate(Course64,User3476)
participate(Course74,User3477)
participate(Course30,User3484)
participate(Course72,User3495)
participate(Course50,User3495)
participate(Course46,User3499)
participate(Course52,User3502)
participate(Course58,User3513)
participate(Course66,User3516)
participate(Course76,User3516)
participate(Course64,User3517)
participate(Course90,User3522)
participate(Course60,User3529)
participate(Course52,User3530)
participate(Course30,User3531)
participate(Course50,User3531)
participate(Course82,User3531)
participate(Course30,User3532)
participate(Course64,User3537)
participate(Course76,User3544)
participate(Course92,User3546)
participate(Course30,User3550)
participate(Course48,User3552)
participate(Course66,User3556)
participate(Course64,User3556)
participate(Course30,User3558)
participate(Course86,User3560)
participate(Course52,User3564)
participate(Course52,User3573)
participate(Course30,User3574)
participate(Course58,User3590)
participate(Course62,User3590)
participate(Course46,User3593)
participate(Course64,User3599)
participate(Course58,User3607)
participate(Course30,User3607)
participate(Course104,User3607)
participate(Course52,User3614)
participate(Course88,User3615)
participate(Course62,User3615)
participate(Course34,User3616)
participate(Course64,User3617)
participate(Course70,User3621)
participate(Course88,User3634)
participate(Course52,User3635)
participate(Course34,User3641)
participate(Course30,User3649)
participate(Course100,User3651)
participate(Course50,User3651)
participate(Course100,User3662)
participate(Course82,User3662)
participate(Course26,User3685)
participate(Course30,User3691)
participate(Course52,User3696)
participate(Course48,User3699)
participate(Course70,User3699)
participate(Course46,User3709)
participate(Course64,User3712)
participate(Course50,User3721)
participate(Course76,User3725)
participate(Course56,User3731)
participate(Course42,User3732)
participate(Course54,User3732)
participate(Course80,User3751)
participate(Course64,User3754)
participate(Course52,User3764)
participate(Course52,User3766)
participate(Course94,User3777)
participate(Course64,User3783)
participate(Course30,User3784)
participate(Course62,User3785)
participate(Course52,User3786)
participate(Course64,User3786)
participate(Course86,User3795)
participate(Course84,User3807)
participate(Course88,User3822)
participate(Course100,User3824)
participate(Course90,User3824)
participate(Course52,User3826)
participate(Course86,User3835)
participate(Course34,User3840)
participate(Course104,User3844)
participate(Course68,User3866)
participate(Course48,User3873)
participate(Course92,User3874)
participate(Course30,User3896)
participate(Course70,User3896)
participate(Course54,User3898)
participate(Course34,User3900)
participate(Course30,User3908)
participate(Course92,User3911)
participate(Course26,User3913)
participate(Course52,User3918)
participate(Course52,User3924)
participate(Course42,User3936)
participate(Course52,User3937)
participate(Course86,User3938)
participate(Course58,User3949)
participate(Course96,User3949)
participate(Course78,User3949)
participate(Course68,User3964)
participate(Course50,User3964)
participate(Course72,User3968)
participate(Course88,User3968)
participate(Course64,User3978)
participate(Course26,User3986)
participate(Course90,User3986)
participate(Course78,User3992)
participate(Course80,User3992)
participate(Course26,User3992)
participate(Course66,User4017)
participate(Course30,User4027)
participate(Course58,User4036)
participate(Course30,User4036)
participate(Course62,User4037)
participate(Course52,User4040)
participate(Course66,User4042)
participate(Course30,User4043)
participate(Course78,User4043)
participate(Course78,User4054)
participate(Course26,User4054)
participate(Course72,User4056)
participate(Course50,User4056)
participate(Course90,User4056)
participate(Course52,User4059)
participate(Course64,User4059)
participate(Course100,User4064)
participate(Course96,User4064)
participate(Course90,User4064)
participate(Course46,User4080)
participate(Course92,User4080)
participate(Course94,User4089)
participate(Course60,User4097)
participate(Course52,User4098)
participate(Course64,User4098)
participate(Course26,User4111)
participate(Course56,User4114)
participate(Course94,User4130)
participate(Course70,User4142)
participate(Course74,User4143)
participate(Course52,User4145)
participate(Course74,User4158)
participate(Course30,User4158)
participate(Course62,User4162)
participate(Course80,User4163)
participate(Course52,User4164)
participate(Course92,User4166)
participate(Course104,User4168)
participate(Course66,User4178)
participate(Course52,User4179)
participate(Course64,User4179)
participate(Course52,User4180)
participate(Course62,User4187)
participate(Course42,User4191)
participate(Course54,User4191)
participate(Course64,User4194)
participate(Course64,User4214)
participate(Course76,User4220)
participate(Course92,User4227)
participate(Course64,User4232)
participate(Course66,User4239)
participate(Course76,User4239)
participate(Course70,User4255)
participate(Course64,User4261)
participate(Course60,User4263)
participate(Course48,User4267)
participate(Course56,User4273)
participate(Course96,User4276)
participate(Course78,User4276)
participate(Course88,User4305)
participate(Course62,User4305)
participate(Course52,User4308)
participate(Course58,User4309)
participate(Course52,User4314)
participate(Course64,User4318)
participate(Course30,User4328)
participate(Course30,User4333)
participate(Course54,User4334)
participate(Course30,User4347)
participate(Course84,User4348)
participate(Course74,User4348)
participate(Course100,User4362)
participate(Course96,User4362)
participate(Course68,User4362)
participate(Course90,User4362)
participate(Course48,User4368)
participate(Course48,User4380)
participate(Course30,User4381)
participate(Course66,User4393)
participate(Course64,User4405)
participate(Course68,User4428)
participate(Course64,User4430)
participate(Course52,User4432)
participate(Course64,User4432)
participate(Course94,User4433)
participate(Course60,User4437)
participate(Course64,User4448)
participate(Course52,User4455)
participate(Course60,User4460)
participate(Course66,User4462)
participate(Course52,User4474)
participate(Course64,User4474)
participate(Course66,User4486)
participate(Course64,User4486)
participate(Course54,User4488)
participate(Course76,User4493)
participate(Course62,User4494)
participate(Course76,User4498)
participate(Course64,User4510)
participate(Course86,User4515)
participate(Course30,User4518)
participate(Course54,User4528)
participate(Course46,User4530)
participate(Course66,User4538)
participate(Course62,User4539)
participate(Course60,User4545)
participate(Course48,User4548)
participate(Course84,User4550)
participate(Course48,User4550)
participate(Course92,User4551)
participate(Course52,User4555)
participate(Course52,User4558)
participate(Course88,User4559)
participate(Course86,User4559)
participate(Course64,User4566)
participate(Course54,User4568)
participate(Course30,User4594)
participate(Course94,User4595)
participate(Course88,User4595)
